ache,
cage,
edge,
each,
head,
had,
ahead,
badge,
beach,
cabbage, 
beef,
cafe,
deaf,
face,
fade,
fee,
cab,
bag,
ebb,
beg,
facade,
dead,
deed,
feed,
gage,
add,
age,
bad,
bed,
hedge,
egg,
bee,
bead,
decade,
aha,
accede,
adage,
cache,
cadge,
cede,
chafe,
chaff,
chef,
deface,
efface,
fad,
gaffe,
heed,
label,
lack,
land,
field,
jean,
jack,
jade,
ice,
jail,
idea,
if,
kill,
kid,
high,
black,
jam,
name,
image,
machine,
magic,
main,
beam,
nake,
neck,
open,
project,
please,
process,
drop,
quiet ,
square,
equip,
request,
rapid,
require,
after,
acquire,
sequence,
simple,
adjust,
to,
tale,
unique,
use,
inject,
position,
valley,
very,
save,
view,
even,
give,
why,
who,
word,
dwell,
allow,
box,
excuse,
complex,
fix,
expect,
relax,
query,
analyze,
your,
january,
yield,
today,
lazy,
zoo,
realize,
size,
amazing,
zero,
dozen,
know,
wave,
example,
next,
vlog,
over,
log,
feeling,
quit,
book,
food,
loop,
an,
am,
be,
he,
of,
off,
me,
my,
now,
too,
equal,
free,
cook,
meet,
kiss,
apple,
happy,
well,
ill,
leave,
zoom,
keep,
fox,
text,
moon,
mood,
noon,
move,
have,
nice,
need,
mind,
mean,
make,
in,
man,
manage,
line,
like,
leg,
lead,
kind,
half,
hand,
him,
game,
gain,
fine,
find,
feel,
fill,
fall,
fail,
change,
end,
die,
deal,
check,
child,
cell,
call,
bean,
bill,
middle,
big,
bank,
back,
and,
all,
animal,
behind,
able,
admin,
film,
indeed,
decide,
media,
